rank,n_estimators,max_depth,min_samples_split,min_samples_leaf,max_features,class_weight,cv_f1_mean,cv_f1_std,val_f1_macro,val_mcc_mean,val_auc_roc_mean,val_auc_pr_mean
1,500,,2,4,log2,balanced,0.26777537203284735,0.003020643669104795,0.2985803818259965,0.31032089872538815,0.9716973961050333,0.27484212531363406
2,100,,10,4,sqrt,balanced,0.2666034033845683,0.0031126508086650974,0.29578550597001013,0.3074754364745167,0.9377984996547376,0.2712792889635883
3,100,30.0,2,4,sqrt,balanced,0.2663585796743657,0.0033331486635308255,0.29124740111626213,0.3082312814850964,0.939746872451716,0.26975429858289635
4,200,30.0,10,4,0.5,balanced,0.264545969218153,0.0031499652141923577,0.2828754293197519,0.30449760132694914,0.9148300068086187,0.26095404208195844
5,500,30.0,10,2,0.5,balanced,0.2616137765388007,0.0020931506404309815,0.2776612498595292,0.30082698753638626,0.9195339869907391,0.25657090853674575
6,100,20.0,5,2,sqrt,balanced,0.24485766417452784,0.0029049398580030467,0.2660276043163898,0.3017829070535075,0.9409994694955227,0.25481920356440396
7,500,20.0,2,4,0.5,balanced,0.2434207243137608,0.00375100044456974,0.25194624196462617,0.29428649457015527,0.9349926968682428,0.24558983959647374
8,500,20.0,5,1,sqrt,balanced,0.24292337907192116,0.0031205987494226537,0.26187974964618127,0.2977884955821623,0.9525618278786943,0.25543105788920206
